branch_id,from_bus,to_bus,from_bus0,to_bus0,r,x,b,rateA,rateB,rateC,tap,shift_deg,status,angmin,angmax
0,1,2,0,1,0.030300000000000,0.099900000000000,0.025400000000000,0.000000000000000,0.000000000000000,0.000000000000000,0.000000000000000,0.000000000000000,1.000000000000000,-360.000000000000000,360.000000000000000
1,1,3,0,2,0.012900000000000,0.042400000000000,0.010820000000000,0.000000000000000,0.000000000000000,0.000000000000000,0.000000000000000,0.000000000000000,1.000000000000000,-360.000000000000000,360.000000000000000
2,2,12,1,11,0.018700000000000,0.061600000000000,0.015720000000000,0.000000000000000,0.000000000000000,0.000000000000000,0.000000000000000,0.000000000000000,1.000000000000000,-360.000000000000000,360.000000000000000
3,3,5,2,4,0.024100000000000,0.108000000000000,0.028400000000000,0.000000000000000,0.000000000000000,0.000000000000000,0.000000000000000,0.000000000000000,1.000000000000000,-360.000000000000000,360.000000000000000
4,3,12,2,11,0.048400000000000,0.160000000000000,0.040600000000000,0.000000000000000,0.000000000000000,0.000000000000000,0.000000000000000,0.000000000000000,1.000000000000000,-360.000000000000000,360.000000000000000
5,4,5,3,4,0.001760000000000,0.007980000000000,0.002100000000000,0.000000000000000,0.000000000000000,0.000000000000000,0.000000000000000,0.000000000000000,1.000000000000000,-360.000000000000000,360.000000000000000
6,4,11,3,10,0.020900000000000,0.068800000000000,0.017480000000000,0.000000000000000,0.000000000000000,0.000000000000000,0.000000000000000,0.000000000000000,1.000000000000000,-360.000000000000000,360.000000000000000
7,5,6,4,5,0.011900000000000,0.054000000000000,0.014260000000000,0.000000000000000,0.000000000000000,0.000000000000000,0.000000000000000,0.000000000000000,1.000000000000000,-360.000000000000000,360.000000000000000
8,5,11,4,10,0.020300000000000,0.068200000000000,0.017380000000000,0.000000000000000,0.000000000000000,0.000000000000000,0.000000000000000,0.000000000000000,1.000000000000000,-360.000000000000000,360.000000000000000
9,6,7,5,6,0.004590000000000,0.020800000000000,0.005500000000000,0.000000000000000,0.000000000000000,0.000000000000000,0.000000000000000,0.000000000000000,1.000000000000000,-360.000000000000000,360.000000000000000
10,7,12,6,11,0.008620000000000,0.034000000000000,0.008740000000000,0.000000000000000,0.000000000000000,0.000000000000000,0.000000000000000,0.000000000000000,1.000000000000000,-360.000000000000000,360.000000000000000
11,8,9,7,8,0.002440000000000,0.030500000000000,1.162000000000000,0.000000000000000,0.000000000000000,0.000000000000000,0.000000000000000,0.000000000000000,1.000000000000000,-360.000000000000000,360.000000000000000
12,8,5,7,4,0.000000000000000,0.026700000000000,0.000000000000000,0.000000000000000,0.000000000000000,0.000000000000000,0.985000000000000,0.000000000000000,1.000000000000000,-360.000000000000000,360.000000000000000
13,8,30,7,29,0.004310000000000,0.050400000000000,0.514000000000000,0.000000000000000,0.000000000000000,0.000000000000000,0.000000000000000,0.000000000000000,1.000000000000000,-360.000000000000000,360.000000000000000
14,9,10,8,9,0.002580000000000,0.032200000000000,1.230000000000000,0.000000000000000,0.000000000000000,0.000000000000000,0.000000000000000,0.000000000000000,1.000000000000000,-360.000000000000000,360.000000000000000
15,11,12,10,11,0.005950000000000,0.019600000000000,0.005020000000000,0.000000000000000,0.000000000000000,0.000000000000000,0.000000000000000,0.000000000000000,1.000000000000000,-360.000000000000000,360.000000000000000
16,11,13,10,12,0.022250000000000,0.073100000000000,0.018760000000000,0.000000000000000,0.000000000000000,0.000000000000000,0.000000000000000,0.000000000000000,1.000000000000000,-360.000000000000000,360.000000000000000
17,12,14,11,13,0.021500000000000,0.070700000000000,0.018160000000000,0.000000000000000,0.000000000000000,0.000000000000000,0.000000000000000,0.000000000000000,1.000000000000000,-360.000000000000000,360.000000000000000
18,12,16,11,15,0.021200000000000,0.083400000000000,0.021400000000000,0.000000000000000,0.000000000000000,0.000000000000000,0.000000000000000,0.000000000000000,1.000000000000000,-360.000000000000000,360.000000000000000
19,12,117,11,116,0.032900000000000,0.140000000000000,0.035800000000000,0.000000000000000,0.000000000000000,0.000000000000000,0.000000000000000,0.000000000000000,1.000000000000000,-360.000000000000000,360.000000000000000
20,13,15,12,14,0.074400000000000,0.244400000000000,0.062680000000000,0.000000000000000,0.000000000000000,0.000000000000000,0.000000000000000,0.000000000000000,1.000000000000000,-360.000000000000000,360.000000000000000
21,14,15,13,14,0.059500000000000,0.195000000000000,0.050200000000000,0.000000000000000,0.000000000000000,0.000000000000000,0.000000000000000,0.000000000000000,1.000000000000000,-360.000000000000000,360.000000000000000
22,15,17,14,16,0.013200000000000,0.043700000000000,0.044400000000000,0.000000000000000,0.000000000000000,0.000000000000000,0.000000000000000,0.000000000000000,1.000000000000000,-360.000000000000000,360.000000000000000
23,15,19,14,18,0.012000000000000,0.039400000000000,0.010100000000000,0.000000000000000,0.000000000000000,0.000000000000000,0.000000000000000,0.000000000000000,1.000000000000000,-360.000000000000000,360.000000000000000
24,15,33,14,32,0.038000000000000,0.124400000000000,0.031940000000000,0.000000000000000,0.000000000000000,0.000000000000000,0.000000000000000,0.000000000000000,1.000000000000000,-360.000000000000000,360.000000000000000
25,16,17,15,16,0.045400000000000,0.180100000000000,0.046600000000000,0.000000000000000,0.000000000000000,0.000000000000000,0.000000000000000,0.000000000000000,1.000000000000000,-360.000000000000000,360.000000000000000
26,17,18,16,17,0.012300000000000,0.050500000000000,0.012980000000000,0.000000000000000,0.000000000000000,0.000000000000000,0.000000000000000,0.000000000000000,1.000000000000000,-360.000000000000000,360.000000000000000
27,17,31,16,30,0.047400000000000,0.156300000000000,0.039900000000000,0.000000000000000,0.000000000000000,0.000000000000000,0.000000000000000,0.000000000000000,1.000000000000000,-360.000000000000000,360.000000000000000
28,17,113,16,112,0.009130000000000,0.030100000000000,0.007680000000000,0.000000000000000,0.000000000000000,0.000000000000000,0.000000000000000,0.000000000000000,1.000000000000000,-360.000000000000000,360.000000000000000
29,18,19,17,18,0.011190000000000,0.049300000000000,0.011420000000000,0.000000000000000,0.000000000000000,0.000000000000000,0.000000000000000,0.000000000000000,1.000000000000000,-360.000000000000000,360.000000000000000
30,19,20,18,19,0.025200000000000,0.117000000000000,0.029800000000000,0.000000000000000,0.000000000000000,0.000000000000000,0.000000000000000,0.000000000000000,1.000000000000000,-360.000000000000000,360.000000000000000
31,19,34,18,33,0.075200000000000,0.247000000000000,0.063200000000000,0.000000000000000,0.000000000000000,0.000000000000000,0.000000000000000,0.000000000000000,1.000000000000000,-360.000000000000000,360.000000000000000
32,20,21,19,20,0.018300000000000,0.084900000000000,0.021600000000000,0.000000000000000,0.000000000000000,0.000000000000000,0.000000000000000,0.000000000000000,1.000000000000000,-360.000000000000000,360.000000000000000
33,21,22,20,21,0.020900000000000,0.097000000000000,0.024600000000000,0.000000000000000,0.000000000000000,0.000000000000000,0.000000000000000,0.000000000000000,1.000000000000000,-360.000000000000000,360.000000000000000
34,22,23,21,22,0.034200000000000,0.159000000000000,0.040400000000000,0.000000000000000,0.000000000000000,0.000000000000000,0.000000000000000,0.000000000000000,1.000000000000000,-360.000000000000000,360.000000000000000
35,23,24,22,23,0.013500000000000,0.049200000000000,0.049800000000000,0.000000000000000,0.000000000000000,0.000000000000000,0.000000000000000,0.000000000000000,1.000000000000000,-360.000000000000000,360.000000000000000
36,23,25,22,24,0.015600000000000,0.080000000000000,0.086400000000000,0.000000000000000,0.000000000000000,0.000000000000000,0.000000000000000,0.000000000000000,1.000000000000000,-360.000000000000000,360.000000000000000
37,23,32,22,31,0.031700000000000,0.115300000000000,0.117300000000000,0.000000000000000,0.000000000000000,0.000000000000000,0.000000000000000,0.000000000000000,1.000000000000000,-360.000000000000000,360.000000000000000
38,24,70,23,69,0.002210000000000,0.411500000000000,0.101980000000000,0.000000000000000,0.000000000000000,0.000000000000000,0.000000000000000,0.000000000000000,1.000000000000000,-360.000000000000000,360.000000000000000
39,24,72,23,71,0.048800000000000,0.196000000000000,0.048800000000000,0.000000000000000,0.000000000000000,0.000000000000000,0.000000000000000,0.000000000000000,1.000000000000000,-360.000000000000000,360.000000000000000
40,25,27,24,26,0.031800000000000,0.163000000000000,0.176400000000000,0.000000000000000,0.000000000000000,0.000000000000000,0.000000000000000,0.000000000000000,1.000000000000000,-360.000000000000000,360.000000000000000
41,26,25,25,24,0.000000000000000,0.038200000000000,0.000000000000000,0.000000000000000,0.000000000000000,0.000000000000000,0.960000000000000,0.000000000000000,1.000000000000000,-360.000000000000000,360.000000000000000
42,26,30,25,29,0.007990000000000,0.086000000000000,0.908000000000000,0.000000000000000,0.000000000000000,0.000000000000000,0.000000000000000,0.000000000000000,1.000000000000000,-360.000000000000000,360.000000000000000
43,27,28,26,27,0.019130000000000,0.085500000000000,0.021600000000000,0.000000000000000,0.000000000000000,0.000000000000000,0.000000000000000,0.000000000000000,1.000000000000000,-360.000000000000000,360.000000000000000
44,27,32,26,31,0.022900000000000,0.075500000000000,0.019260000000000,0.000000000000000,0.000000000000000,0.000000000000000,0.000000000000000,0.000000000000000,1.000000000000000,-360.000000000000000,360.000000000000000
45,27,115,26,114,0.016400000000000,0.074100000000000,0.019720000000000,0.000000000000000,0.000000000000000,0.000000000000000,0.000000000000000,0.000000000000000,1.000000000000000,-360.000000000000000,360.000000000000000
46,28,29,27,28,0.023700000000000,0.094300000000000,0.023800000000000,0.000000000000000,0.000000000000000,0.000000000000000,0.000000000000000,0.000000000000000,1.000000000000000,-360.000000000000000,360.000000000000000
47,29,31,28,30,0.010800000000000,0.033100000000000,0.008300000000000,0.000000000000000,0.000000000000000,0.000000000000000,0.000000000000000,0.000000000000000,1.000000000000000,-360.000000000000000,360.000000000000000
48,30,17,29,16,0.000000000000000,0.038800000000000,0.000000000000000,0.000000000000000,0.000000000000000,0.000000000000000,0.960000000000000,0.000000000000000,1.000000000000000,-360.000000000000000,360.000000000000000
49,30,38,29,37,0.004640000000000,0.054000000000000,0.422000000000000,0.000000000000000,0.000000000000000,0.000000000000000,0.000000000000000,0.000000000000000,1.000000000000000,-360.000000000000000,360.000000000000000
50,31,32,30,31,0.029800000000000,0.098500000000000,0.025100000000000,0.000000000000000,0.000000000000000,0.000000000000000,0.000000000000000,0.000000000000000,1.000000000000000,-360.000000000000000,360.000000000000000
51,32,113,31,112,0.061500000000000,0.203000000000000,0.051800000000000,0.000000000000000,0.000000000000000,0.000000000000000,0.000000000000000,0.000000000000000,1.000000000000000,-360.000000000000000,360.000000000000000
52,32,114,31,113,0.013500000000000,0.061200000000000,0.016280000000000,0.000000000000000,0.000000000000000,0.000000000000000,0.000000000000000,0.000000000000000,1.000000000000000,-360.000000000000000,360.000000000000000
53,33,37,32,36,0.041500000000000,0.142000000000000,0.036600000000000,0.000000000000000,0.000000000000000,0.000000000000000,0.000000000000000,0.000000000000000,1.000000000000000,-360.000000000000000,360.000000000000000
54,34,36,33,35,0.008710000000000,0.026800000000000,0.005680000000000,0.000000000000000,0.000000000000000,0.000000000000000,0.000000000000000,0.000000000000000,1.000000000000000,-360.000000000000000,360.000000000000000
55,34,37,33,36,0.002560000000000,0.009400000000000,0.009840000000000,0.000000000000000,0.000000000000000,0.000000000000000,0.000000000000000,0.000000000000000,1.000000000000000,-360.000000000000000,360.000000000000000
56,34,43,33,42,0.041300000000000,0.168100000000000,0.042260000000000,0.000000000000000,0.000000000000000,0.000000000000000,0.000000000000000,0.000000000000000,1.000000000000000,-360.000000000000000,360.000000000000000
57,35,36,34,35,0.002240000000000,0.010200000000000,0.002680000000000,0.000000000000000,0.000000000000000,0.000000000000000,0.000000000000000,0.000000000000000,1.000000000000000,-360.000000000000000,360.000000000000000
58,35,37,34,36,0.011000000000000,0.049700000000000,0.013180000000000,0.000000000000000,0.000000000000000,0.000000000000000,0.000000000000000,0.000000000000000,1.000000000000000,-360.000000000000000,360.000000000000000
59,37,39,36,38,0.032100000000000,0.106000000000000,0.027000000000000,0.000000000000000,0.000000000000000,0.000000000000000,0.000000000000000,0.000000000000000,1.000000000000000,-360.000000000000000,360.000000000000000
60,37,40,36,39,0.059300000000000,0.168000000000000,0.042000000000000,0.000000000000000,0.000000000000000,0.000000000000000,0.000000000000000,0.000000000000000,1.000000000000000,-360.000000000000000,360.000000000000000
61,38,37,37,36,0.000000000000000,0.037500000000000,0.000000000000000,0.000000000000000,0.000000000000000,0.000000000000000,0.935000000000000,0.000000000000000,1.000000000000000,-360.000000000000000,360.000000000000000
62,38,65,37,64,0.009010000000000,0.098600000000000,1.046000000000000,0.000000000000000,0.000000000000000,0.000000000000000,0.000000000000000,0.000000000000000,1.000000000000000,-360.000000000000000,360.000000000000000
63,39,40,38,39,0.018400000000000,0.060500000000000,0.015520000000000,0.000000000000000,0.000000000000000,0.000000000000000,0.000000000000000,0.000000000000000,1.000000000000000,-360.000000000000000,360.000000000000000
64,40,41,39,40,0.014500000000000,0.048700000000000,0.012220000000000,0.000000000000000,0.000000000000000,0.000000000000000,0.000000000000000,0.000000000000000,1.000000000000000,-360.000000000000000,360.000000000000000
65,40,42,39,41,0.055500000000000,0.183000000000000,0.046600000000000,0.000000000000000,0.000000000000000,0.000000000000000,0.000000000000000,0.000000000000000,1.000000000000000,-360.000000000000000,360.000000000000000
66,41,42,40,41,0.041000000000000,0.135000000000000,0.034400000000000,0.000000000000000,0.000000000000000,0.000000000000000,0.000000000000000,0.000000000000000,1.000000000000000,-360.000000000000000,360.000000000000000
67,42,49,41,48,0.071500000000000,0.323000000000000,0.086000000000000,0.000000000000000,0.000000000000000,0.000000000000000,0.000000000000000,0.000000000000000,1.000000000000000,-360.000000000000000,360.000000000000000
68,42,49,41,48,0.071500000000000,0.323000000000000,0.086000000000000,0.000000000000000,0.000000000000000,0.000000000000000,0.000000000000000,0.000000000000000,1.000000000000000,-360.000000000000000,360.000000000000000
69,43,44,42,43,0.060800000000000,0.245400000000000,0.060680000000000,0.000000000000000,0.000000000000000,0.000000000000000,0.000000000000000,0.000000000000000,1.000000000000000,-360.000000000000000,360.000000000000000
70,44,45,43,44,0.022400000000000,0.090100000000000,0.022400000000000,0.000000000000000,0.000000000000000,0.000000000000000,0.000000000000000,0.000000000000000,1.000000000000000,-360.000000000000000,360.000000000000000
71,45,46,44,45,0.040000000000000,0.135600000000000,0.033200000000000,0.000000000000000,0.000000000000000,0.000000000000000,0.000000000000000,0.000000000000000,1.000000000000000,-360.000000000000000,360.000000000000000
72,45,49,44,48,0.068400000000000,0.186000000000000,0.044400000000000,0.000000000000000,0.000000000000000,0.000000000000000,0.000000000000000,0.000000000000000,1.000000000000000,-360.000000000000000,360.000000000000000
73,46,47,45,46,0.038000000000000,0.127000000000000,0.031600000000000,0.000000000000000,0.000000000000000,0.000000000000000,0.000000000000000,0.000000000000000,1.000000000000000,-360.000000000000000,360.000000000000000
74,46,48,45,47,0.060100000000000,0.189000000000000,0.047200000000000,0.000000000000000,0.000000000000000,0.000000000000000,0.000000000000000,0.000000000000000,1.000000000000000,-360.000000000000000,360.000000000000000
75,47,49,46,48,0.019100000000000,0.062500000000000,0.016040000000000,0.000000000000000,0.000000000000000,0.000000000000000,0.000000000000000,0.000000000000000,1.000000000000000,-360.000000000000000,360.000000000000000
76,47,69,46,68,0.084400000000000,0.277800000000000,0.070920000000000,0.000000000000000,0.000000000000000,0.000000000000000,0.000000000000000,0.000000000000000,1.000000000000000,-360.000000000000000,360.000000000000000
77,48,49,47,48,0.017900000000000,0.050500000000000,0.012580000000000,0.000000000000000,0.000000000000000,0.000000000000000,0.000000000000000,0.000000000000000,1.000000000000000,-360.000000000000000,360.000000000000000
78,49,50,48,49,0.026700000000000,0.075200000000000,0.018740000000000,0.000000000000000,0.000000000000000,0.000000000000000,0.000000000000000,0.000000000000000,1.000000000000000,-360.000000000000000,360.000000000000000
79,49,51,48,50,0.048600000000000,0.137000000000000,0.034200000000000,0.000000000000000,0.000000000000000,0.000000000000000,0.000000000000000,0.000000000000000,1.000000000000000,-360.000000000000000,360.000000000000000
80,49,54,48,53,0.073000000000000,0.289000000000000,0.073800000000000,0.000000000000000,0.000000000000000,0.000000000000000,0.000000000000000,0.000000000000000,1.000000000000000,-360.000000000000000,360.000000000000000
81,49,54,48,53,0.086900000000000,0.291000000000000,0.073000000000000,0.000000000000000,0.000000000000000,0.000000000000000,0.000000000000000,0.000000000000000,1.000000000000000,-360.000000000000000,360.000000000000000
82,49,66,48,65,0.018000000000000,0.091900000000000,0.024800000000000,0.000000000000000,0.000000000000000,0.000000000000000,0.000000000000000,0.000000000000000,1.000000000000000,-360.000000000000000,360.000000000000000
83,49,66,48,65,0.018000000000000,0.091900000000000,0.024800000000000,0.000000000000000,0.000000000000000,0.000000000000000,0.000000000000000,0.000000000000000,1.000000000000000,-360.000000000000000,360.000000000000000
84,49,69,48,68,0.098500000000000,0.324000000000000,0.082800000000000,0.000000000000000,0.000000000000000,0.000000000000000,0.000000000000000,0.000000000000000,1.000000000000000,-360.000000000000000,360.000000000000000
85,50,57,49,56,0.047400000000000,0.134000000000000,0.033200000000000,0.000000000000000,0.000000000000000,0.000000000000000,0.000000000000000,0.000000000000000,1.000000000000000,-360.000000000000000,360.000000000000000
86,51,52,50,51,0.020300000000000,0.058800000000000,0.013960000000000,0.000000000000000,0.000000000000000,0.000000000000000,0.000000000000000,0.000000000000000,1.000000000000000,-360.000000000000000,360.000000000000000
87,51,58,50,57,0.025500000000000,0.071900000000000,0.017880000000000,0.000000000000000,0.000000000000000,0.000000000000000,0.000000000000000,0.000000000000000,1.000000000000000,-360.000000000000000,360.000000000000000
88,52,53,51,52,0.040500000000000,0.163500000000000,0.040580000000000,0.000000000000000,0.000000000000000,0.000000000000000,0.000000000000000,0.000000000000000,1.000000000000000,-360.000000000000000,360.000000000000000
89,53,54,52,53,0.026300000000000,0.122000000000000,0.031000000000000,0.000000000000000,0.000000000000000,0.000000000000000,0.000000000000000,0.000000000000000,1.000000000000000,-360.000000000000000,360.000000000000000
90,54,55,53,54,0.016900000000000,0.070700000000000,0.020200000000000,0.000000000000000,0.000000000000000,0.000000000000000,0.000000000000000,0.000000000000000,1.000000000000000,-360.000000000000000,360.000000000000000
91,54,56,53,55,0.002750000000000,0.009550000000000,0.007320000000000,0.000000000000000,0.000000000000000,0.000000000000000,0.000000000000000,0.000000000000000,1.000000000000000,-360.000000000000000,360.000000000000000
92,54,59,53,58,0.050300000000000,0.229300000000000,0.059800000000000,0.000000000000000,0.000000000000000,0.000000000000000,0.000000000000000,0.000000000000000,1.000000000000000,-360.000000000000000,360.000000000000000
93,55,56,54,55,0.004880000000000,0.015100000000000,0.003740000000000,0.000000000000000,0.000000000000000,0.000000000000000,0.000000000000000,0.000000000000000,1.000000000000000,-360.000000000000000,360.000000000000000
94,55,59,54,58,0.047390000000000,0.215800000000000,0.056460000000000,0.000000000000000,0.000000000000000,0.000000000000000,0.000000000000000,0.000000000000000,1.000000000000000,-360.000000000000000,360.000000000000000
95,56,57,55,56,0.034300000000000,0.096600000000000,0.024200000000000,0.000000000000000,0.000000000000000,0.000000000000000,0.000000000000000,0.000000000000000,1.000000000000000,-360.000000000000000,360.000000000000000
96,56,58,55,57,0.034300000000000,0.096600000000000,0.024200000000000,0.000000000000000,0.000000000000000,0.000000000000000,0.000000000000000,0.000000000000000,1.000000000000000,-360.000000000000000,360.000000000000000
97,56,59,55,58,0.082500000000000,0.251000000000000,0.056900000000000,0.000000000000000,0.000000000000000,0.000000000000000,0.000000000000000,0.000000000000000,1.000000000000000,-360.000000000000000,360.000000000000000
98,56,59,55,58,0.080300000000000,0.239000000000000,0.053600000000000,0.000000000000000,0.000000000000000,0.000000000000000,0.000000000000000,0.000000000000000,1.000000000000000,-360.000000000000000,360.000000000000000
99,59,60,58,59,0.031700000000000,0.145000000000000,0.037600000000000,0.000000000000000,0.000000000000000,0.000000000000000,0.000000000000000,0.000000000000000,1.000000000000000,-360.000000000000000,360.000000000000000
100,59,61,58,60,0.032800000000000,0.150000000000000,0.038800000000000,0.000000000000000,0.000000000000000,0.000000000000000,0.000000000000000,0.000000000000000,1.000000000000000,-360.000000000000000,360.000000000000000
101,60,61,59,60,0.002640000000000,0.013500000000000,0.014560000000000,0.000000000000000,0.000000000000000,0.000000000000000,0.000000000000000,0.000000000000000,1.000000000000000,-360.000000000000000,360.000000000000000
102,60,62,59,61,0.012300000000000,0.056100000000000,0.014680000000000,0.000000000000000,0.000000000000000,0.000000000000000,0.000000000000000,0.000000000000000,1.000000000000000,-360.000000000000000,360.000000000000000
103,61,62,60,61,0.008240000000000,0.037600000000000,0.009800000000000,0.000000000000000,0.000000000000000,0.000000000000000,0.000000000000000,0.000000000000000,1.000000000000000,-360.000000000000000,360.000000000000000
104,62,66,61,65,0.048200000000000,0.218000000000000,0.057800000000000,0.000000000000000,0.000000000000000,0.000000000000000,0.000000000000000,0.000000000000000,1.000000000000000,-360.000000000000000,360.000000000000000
105,62,67,61,66,0.025800000000000,0.117000000000000,0.031000000000000,0.000000000000000,0.000000000000000,0.000000000000000,0.000000000000000,0.000000000000000,1.000000000000000,-360.000000000000000,360.000000000000000
106,63,59,62,58,0.000000000000000,0.038600000000000,0.000000000000000,0.000000000000000,0.000000000000000,0.000000000000000,0.960000000000000,0.000000000000000,1.000000000000000,-360.000000000000000,360.000000000000000
107,63,64,62,63,0.001720000000000,0.020000000000000,0.216000000000000,0.000000000000000,0.000000000000000,0.000000000000000,0.000000000000000,0.000000000000000,1.000000000000000,-360.000000000000000,360.000000000000000
108,64,61,63,60,0.000000000000000,0.026800000000000,0.000000000000000,0.000000000000000,0.000000000000000,0.000000000000000,0.985000000000000,0.000000000000000,1.000000000000000,-360.000000000000000,360.000000000000000
109,64,65,63,64,0.002690000000000,0.030200000000000,0.380000000000000,0.000000000000000,0.000000000000000,0.000000000000000,0.000000000000000,0.000000000000000,1.000000000000000,-360.000000000000000,360.000000000000000
110,65,66,64,65,0.000000000000000,0.037000000000000,0.000000000000000,0.000000000000000,0.000000000000000,0.000000000000000,0.935000000000000,0.000000000000000,1.000000000000000,-360.000000000000000,360.000000000000000
111,65,68,64,67,0.001380000000000,0.016000000000000,0.638000000000000,0.000000000000000,0.000000000000000,0.000000000000000,0.000000000000000,0.000000000000000,1.000000000000000,-360.000000000000000,360.000000000000000
112,66,67,65,66,0.022400000000000,0.101500000000000,0.026820000000000,0.000000000000000,0.000000000000000,0.000000000000000,0.000000000000000,0.000000000000000,1.000000000000000,-360.000000000000000,360.000000000000000
113,68,69,67,68,0.000000000000000,0.037000000000000,0.000000000000000,0.000000000000000,0.000000000000000,0.000000000000000,0.935000000000000,0.000000000000000,1.000000000000000,-360.000000000000000,360.000000000000000
114,68,81,67,80,0.001750000000000,0.020200000000000,0.808000000000000,0.000000000000000,0.000000000000000,0.000000000000000,0.000000000000000,0.000000000000000,1.000000000000000,-360.000000000000000,360.000000000000000
115,68,116,67,115,0.000340000000000,0.004050000000000,0.164000000000000,0.000000000000000,0.000000000000000,0.000000000000000,1.000000000000000,0.000000000000000,1.000000000000000,-360.000000000000000,360.000000000000000
116,69,70,68,69,0.030000000000000,0.127000000000000,0.122000000000000,0.000000000000000,0.000000000000000,0.000000000000000,0.000000000000000,0.000000000000000,1.000000000000000,-360.000000000000000,360.000000000000000
117,69,75,68,74,0.040500000000000,0.122000000000000,0.124000000000000,0.000000000000000,0.000000000000000,0.000000000000000,0.000000000000000,0.000000000000000,1.000000000000000,-360.000000000000000,360.000000000000000
118,69,77,68,76,0.030900000000000,0.101000000000000,0.103800000000000,0.000000000000000,0.000000000000000,0.000000000000000,0.000000000000000,0.000000000000000,1.000000000000000,-360.000000000000000,360.000000000000000
119,70,71,69,70,0.008820000000000,0.035500000000000,0.008780000000000,0.000000000000000,0.000000000000000,0.000000000000000,0.000000000000000,0.000000000000000,1.000000000000000,-360.000000000000000,360.000000000000000
120,70,74,69,73,0.040100000000000,0.132300000000000,0.033680000000000,0.000000000000000,0.000000000000000,0.000000000000000,0.000000000000000,0.000000000000000,1.000000000000000,-360.000000000000000,360.000000000000000
121,70,75,69,74,0.042800000000000,0.141000000000000,0.036000000000000,0.000000000000000,0.000000000000000,0.000000000000000,0.000000000000000,0.000000000000000,1.000000000000000,-360.000000000000000,360.000000000000000
122,71,72,70,71,0.044600000000000,0.180000000000000,0.044440000000000,0.000000000000000,0.000000000000000,0.000000000000000,0.000000000000000,0.000000000000000,1.000000000000000,-360.000000000000000,360.000000000000000
123,71,73,70,72,0.008660000000000,0.045400000000000,0.011780000000000,0.000000000000000,0.000000000000000,0.000000000000000,0.000000000000000,0.000000000000000,1.000000000000000,-360.000000000000000,360.000000000000000
124,74,75,73,74,0.012300000000000,0.040600000000000,0.010340000000000,0.000000000000000,0.000000000000000,0.000000000000000,0.000000000000000,0.000000000000000,1.000000000000000,-360.000000000000000,360.000000000000000
125,75,77,74,76,0.060100000000000,0.199900000000000,0.049780000000000,0.000000000000000,0.000000000000000,0.000000000000000,0.000000000000000,0.000000000000000,1.000000000000000,-360.000000000000000,360.000000000000000
126,75,118,74,117,0.014500000000000,0.048100000000000,0.011980000000000,0.000000000000000,0.000000000000000,0.000000000000000,0.000000000000000,0.000000000000000,1.000000000000000,-360.000000000000000,360.000000000000000
127,76,77,75,76,0.044400000000000,0.148000000000000,0.036800000000000,0.000000000000000,0.000000000000000,0.000000000000000,0.000000000000000,0.000000000000000,1.000000000000000,-360.000000000000000,360.000000000000000
128,76,118,75,117,0.016400000000000,0.054400000000000,0.013560000000000,0.000000000000000,0.000000000000000,0.000000000000000,0.000000000000000,0.000000000000000,1.000000000000000,-360.000000000000000,360.000000000000000
129,77,78,76,77,0.003760000000000,0.012400000000000,0.012640000000000,0.000000000000000,0.000000000000000,0.000000000000000,0.000000000000000,0.000000000000000,1.000000000000000,-360.000000000000000,360.000000000000000
130,77,80,76,79,0.017000000000000,0.048500000000000,0.047200000000000,0.000000000000000,0.000000000000000,0.000000000000000,0.000000000000000,0.000000000000000,1.000000000000000,-360.000000000000000,360.000000000000000
131,77,80,76,79,0.029400000000000,0.105000000000000,0.022800000000000,0.000000000000000,0.000000000000000,0.000000000000000,0.000000000000000,0.000000000000000,1.000000000000000,-360.000000000000000,360.000000000000000
132,77,82,76,81,0.029800000000000,0.085300000000000,0.081740000000000,0.000000000000000,0.000000000000000,0.000000000000000,0.000000000000000,0.000000000000000,1.000000000000000,-360.000000000000000,360.000000000000000
133,78,79,77,78,0.005460000000000,0.024400000000000,0.006480000000000,0.000000000000000,0.000000000000000,0.000000000000000,0.000000000000000,0.000000000000000,1.000000000000000,-360.000000000000000,360.000000000000000
134,79,80,78,79,0.015600000000000,0.070400000000000,0.018700000000000,0.000000000000000,0.000000000000000,0.000000000000000,0.000000000000000,0.000000000000000,1.000000000000000,-360.000000000000000,360.000000000000000
135,80,96,79,95,0.035600000000000,0.182000000000000,0.049400000000000,0.000000000000000,0.000000000000000,0.000000000000000,0.000000000000000,0.000000000000000,1.000000000000000,-360.000000000000000,360.000000000000000
136,80,97,79,96,0.018300000000000,0.093400000000000,0.025400000000000,0.000000000000000,0.000000000000000,0.000000000000000,0.000000000000000,0.000000000000000,1.000000000000000,-360.000000000000000,360.000000000000000
137,80,98,79,97,0.023800000000000,0.108000000000000,0.028600000000000,0.000000000000000,0.000000000000000,0.000000000000000,0.000000000000000,0.000000000000000,1.000000000000000,-360.000000000000000,360.000000000000000
138,80,99,79,98,0.045400000000000,0.206000000000000,0.054600000000000,0.000000000000000,0.000000000000000,0.000000000000000,0.000000000000000,0.000000000000000,1.000000000000000,-360.000000000000000,360.000000000000000
139,81,80,80,79,0.000000000000000,0.037000000000000,0.000000000000000,0.000000000000000,0.000000000000000,0.000000000000000,0.935000000000000,0.000000000000000,1.000000000000000,-360.000000000000000,360.000000000000000
140,82,83,81,82,0.011200000000000,0.036650000000000,0.037960000000000,0.000000000000000,0.000000000000000,0.000000000000000,0.000000000000000,0.000000000000000,1.000000000000000,-360.000000000000000,360.000000000000000
141,82,96,81,95,0.016200000000000,0.053000000000000,0.054400000000000,0.000000000000000,0.000000000000000,0.000000000000000,0.000000000000000,0.000000000000000,1.000000000000000,-360.000000000000000,360.000000000000000
142,83,84,82,83,0.062500000000000,0.132000000000000,0.025800000000000,0.000000000000000,0.000000000000000,0.000000000000000,0.000000000000000,0.000000000000000,1.000000000000000,-360.000000000000000,360.000000000000000
143,83,85,82,84,0.043000000000000,0.148000000000000,0.034800000000000,0.000000000000000,0.000000000000000,0.000000000000000,0.000000000000000,0.000000000000000,1.000000000000000,-360.000000000000000,360.000000000000000
144,84,85,83,84,0.030200000000000,0.064100000000000,0.012340000000000,0.000000000000000,0.000000000000000,0.000000000000000,0.000000000000000,0.000000000000000,1.000000000000000,-360.000000000000000,360.000000000000000
145,85,86,84,85,0.035000000000000,0.123000000000000,0.027600000000000,0.000000000000000,0.000000000000000,0.000000000000000,0.000000000000000,0.000000000000000,1.000000000000000,-360.000000000000000,360.000000000000000
146,85,88,84,87,0.020000000000000,0.102000000000000,0.027600000000000,0.000000000000000,0.000000000000000,0.000000000000000,0.000000000000000,0.000000000000000,1.000000000000000,-360.000000000000000,360.000000000000000
147,85,89,84,88,0.023900000000000,0.173000000000000,0.047000000000000,0.000000000000000,0.000000000000000,0.000000000000000,0.000000000000000,0.000000000000000,1.000000000000000,-360.000000000000000,360.000000000000000
148,86,87,85,86,0.028280000000000,0.207400000000000,0.044500000000000,0.000000000000000,0.000000000000000,0.000000000000000,1.000000000000000,0.000000000000000,1.000000000000000,-360.000000000000000,360.000000000000000
149,88,89,87,88,0.013900000000000,0.071200000000000,0.019340000000000,0.000000000000000,0.000000000000000,0.000000000000000,0.000000000000000,0.000000000000000,1.000000000000000,-360.000000000000000,360.000000000000000
150,89,90,88,89,0.051800000000000,0.188000000000000,0.052800000000000,0.000000000000000,0.000000000000000,0.000000000000000,0.000000000000000,0.000000000000000,1.000000000000000,-360.000000000000000,360.000000000000000
151,89,90,88,89,0.023800000000000,0.099700000000000,0.106000000000000,0.000000000000000,0.000000000000000,0.000000000000000,0.000000000000000,0.000000000000000,1.000000000000000,-360.000000000000000,360.000000000000000
152,89,92,88,91,0.009900000000000,0.050500000000000,0.054800000000000,0.000000000000000,0.000000000000000,0.000000000000000,0.000000000000000,0.000000000000000,1.000000000000000,-360.000000000000000,360.000000000000000
153,89,92,88,91,0.039300000000000,0.158100000000000,0.041400000000000,0.000000000000000,0.000000000000000,0.000000000000000,0.000000000000000,0.000000000000000,1.000000000000000,-360.000000000000000,360.000000000000000
154,90,91,89,90,0.025400000000000,0.083600000000000,0.021400000000000,0.000000000000000,0.000000000000000,0.000000000000000,0.000000000000000,0.000000000000000,1.000000000000000,-360.000000000000000,360.000000000000000
155,91,92,90,91,0.038700000000000,0.127200000000000,0.032680000000000,0.000000000000000,0.000000000000000,0.000000000000000,0.000000000000000,0.000000000000000,1.000000000000000,-360.000000000000000,360.000000000000000
156,92,93,91,92,0.025800000000000,0.084800000000000,0.021800000000000,0.000000000000000,0.000000000000000,0.000000000000000,0.000000000000000,0.000000000000000,1.000000000000000,-360.000000000000000,360.000000000000000
157,92,94,91,93,0.048100000000000,0.158000000000000,0.040600000000000,0.000000000000000,0.000000000000000,0.000000000000000,0.000000000000000,0.000000000000000,1.000000000000000,-360.000000000000000,360.000000000000000
158,92,100,91,99,0.064800000000000,0.295000000000000,0.047200000000000,0.000000000000000,0.000000000000000,0.000000000000000,0.000000000000000,0.000000000000000,1.000000000000000,-360.000000000000000,360.000000000000000
159,92,102,91,101,0.012300000000000,0.055900000000000,0.014640000000000,0.000000000000000,0.000000000000000,0.000000000000000,0.000000000000000,0.000000000000000,1.000000000000000,-360.000000000000000,360.000000000000000
160,93,94,92,93,0.022300000000000,0.073200000000000,0.018760000000000,0.000000000000000,0.000000000000000,0.000000000000000,0.000000000000000,0.000000000000000,1.000000000000000,-360.000000000000000,360.000000000000000
161,94,95,93,94,0.013200000000000,0.043400000000000,0.011100000000000,0.000000000000000,0.000000000000000,0.000000000000000,0.000000000000000,0.000000000000000,1.000000000000000,-360.000000000000000,360.000000000000000
162,94,96,93,95,0.026900000000000,0.086900000000000,0.023000000000000,0.000000000000000,0.000000000000000,0.000000000000000,0.000000000000000,0.000000000000000,1.000000000000000,-360.000000000000000,360.000000000000000
163,94,100,93,99,0.017800000000000,0.058000000000000,0.060400000000000,0.000000000000000,0.000000000000000,0.000000000000000,0.000000000000000,0.000000000000000,1.000000000000000,-360.000000000000000,360.000000000000000
164,95,96,94,95,0.017100000000000,0.054700000000000,0.014740000000000,0.000000000000000,0.000000000000000,0.000000000000000,0.000000000000000,0.000000000000000,1.000000000000000,-360.000000000000000,360.000000000000000
165,96,97,95,96,0.017300000000000,0.088500000000000,0.024000000000000,0.000000000000000,0.000000000000000,0.000000000000000,0.000000000000000,0.000000000000000,1.000000000000000,-360.000000000000000,360.000000000000000
166,98,100,97,99,0.039700000000000,0.179000000000000,0.047600000000000,0.000000000000000,0.000000000000000,0.000000000000000,0.000000000000000,0.000000000000000,1.000000000000000,-360.000000000000000,360.000000000000000
167,99,100,98,99,0.018000000000000,0.081300000000000,0.021600000000000,0.000000000000000,0.000000000000000,0.000000000000000,0.000000000000000,0.000000000000000,1.000000000000000,-360.000000000000000,360.000000000000000
168,100,101,99,100,0.027700000000000,0.126200000000000,0.032800000000000,0.000000000000000,0.000000000000000,0.000000000000000,0.000000000000000,0.000000000000000,1.000000000000000,-360.000000000000000,360.000000000000000
169,100,103,99,102,0.016000000000000,0.052500000000000,0.053600000000000,0.000000000000000,0.000000000000000,0.000000000000000,0.000000000000000,0.000000000000000,1.000000000000000,-360.000000000000000,360.000000000000000
170,100,104,99,103,0.045100000000000,0.204000000000000,0.054100000000000,0.000000000000000,0.000000000000000,0.000000000000000,0.000000000000000,0.000000000000000,1.000000000000000,-360.000000000000000,360.000000000000000
171,100,106,99,105,0.060500000000000,0.229000000000000,0.062000000000000,0.000000000000000,0.000000000000000,0.000000000000000,0.000000000000000,0.000000000000000,1.000000000000000,-360.000000000000000,360.000000000000000
172,101,102,100,101,0.024600000000000,0.112000000000000,0.029400000000000,0.000000000000000,0.000000000000000,0.000000000000000,0.000000000000000,0.000000000000000,1.000000000000000,-360.000000000000000,360.000000000000000
173,103,104,102,103,0.046600000000000,0.158400000000000,0.040700000000000,0.000000000000000,0.000000000000000,0.000000000000000,0.000000000000000,0.000000000000000,1.000000000000000,-360.000000000000000,360.000000000000000
174,103,105,102,104,0.053500000000000,0.162500000000000,0.040800000000000,0.000000000000000,0.000000000000000,0.000000000000000,0.000000000000000,0.000000000000000,1.000000000000000,-360.000000000000000,360.000000000000000
175,103,110,102,109,0.039060000000000,0.181300000000000,0.046100000000000,0.000000000000000,0.000000000000000,0.000000000000000,0.000000000000000,0.000000000000000,1.000000000000000,-360.000000000000000,360.000000000000000
176,104,105,103,104,0.009940000000000,0.037800000000000,0.009860000000000,0.000000000000000,0.000000000000000,0.000000000000000,0.000000000000000,0.000000000000000,1.000000000000000,-360.000000000000000,360.000000000000000
177,105,106,104,105,0.014000000000000,0.054700000000000,0.014340000000000,0.000000000000000,0.000000000000000,0.000000000000000,0.000000000000000,0.000000000000000,1.000000000000000,-360.000000000000000,360.000000000000000
178,105,107,104,106,0.053000000000000,0.183000000000000,0.047200000000000,0.000000000000000,0.000000000000000,0.000000000000000,0.000000000000000,0.000000000000000,1.000000000000000,-360.000000000000000,360.000000000000000
179,105,108,104,107,0.026100000000000,0.070300000000000,0.018440000000000,0.000000000000000,0.000000000000000,0.000000000000000,0.000000000000000,0.000000000000000,1.000000000000000,-360.000000000000000,360.000000000000000
180,106,107,105,106,0.053000000000000,0.183000000000000,0.047200000000000,0.000000000000000,0.000000000000000,0.000000000000000,0.000000000000000,0.000000000000000,1.000000000000000,-360.000000000000000,360.000000000000000
181,108,109,107,108,0.010500000000000,0.028800000000000,0.007600000000000,0.000000000000000,0.000000000000000,0.000000000000000,0.000000000000000,0.000000000000000,1.000000000000000,-360.000000000000000,360.000000000000000
182,109,110,108,109,0.027800000000000,0.076200000000000,0.020200000000000,0.000000000000000,0.000000000000000,0.000000000000000,0.000000000000000,0.000000000000000,1.000000000000000,-360.000000000000000,360.000000000000000
183,110,111,109,110,0.022000000000000,0.075500000000000,0.020000000000000,0.000000000000000,0.000000000000000,0.000000000000000,0.000000000000000,0.000000000000000,1.000000000000000,-360.000000000000000,360.000000000000000
184,110,112,109,111,0.024700000000000,0.064000000000000,0.062000000000000,0.000000000000000,0.000000000000000,0.000000000000000,0.000000000000000,0.000000000000000,1.000000000000000,-360.000000000000000,360.000000000000000
185,114,115,113,114,0.002300000000000,0.010400000000000,0.002760000000000,0.000000000000000,0.000000000000000,0.000000000000000,0.000000000000000,0.000000000000000,1.000000000000000,-360.000000000000000,360.000000000000000
